total_return,sharpe_ratio,sortino_ratio,max_drawdown,calmar_ratio,win_rate
-1.5056692308153572,-26.23936650885075,-34.597062876203864,1.851053641461654,-54.00468531773555,0.0
