total_return,sharpe_ratio,sortino_ratio,max_drawdown,calmar_ratio,win_rate
-10.32366987845657,-149.5336561841889,-156.57003719474946,10.648516454474946,-9.390979525413458,0.0
